{
    "loss": 0.5842067003250122,
    "accuracy": 0.7478991746902466
}