{
    "loss": 0.5647367835044861,
    "accuracy": 0.7478991746902466
}