{
    "loss": 0.5721023082733154,
    "accuracy": 0.7478991746902466
}